Workbook

Sheet Sheet2
A1: 1.01 | B1: =1/($A1-1)*Sheet1!$B$1/Sheet1!$B$2*Sheet1!$B$4 -> 279.1 | C1: =1/($A1-1)*Sheet1!$B$1/Sheet1!$B$2*Sheet1!$B$5 -> 606.85 | D1: =1/($A1-1)*Sheet1!$B$1/Sheet1!$B$2*Sheet1!$B$7 -> 784.08 | E1: =1/($A1-1)*Sheet1!$B$1/Sheet1!$B$2*Sheet1!$B$8 -> 1042.96 | F1: =1/($A1-1)*Sheet1!$B$1/Sheet1!$B$2*Sheet1!$B$10 -> 3021.14 | G1: =1/($A1-1)*Sheet1!$B$1/Sheet1!$B$2*Sheet1!$B$11 -> 4668.03
A2: 1.02 | B2: =1/($A2-1)*Sheet1!$B$1/Sheet1!$B$2*Sheet1!$B$4 -> 139.55 | C2: =1/($A2-1)*Sheet1!$B$1/Sheet1!$B$2*Sheet1!$B$5 -> 303.425 | D2: =1/($A2-1)*Sheet1!$B$1/Sheet1!$B$2*Sheet1!$B$7 -> 392.04 | E2: =1/($A2-1)*Sheet1!$B$1/Sheet1!$B$2*Sheet1!$B$8 -> 521.48 | F2: =1/($A2-1)*Sheet1!$B$1/Sheet1!$B$2*Sheet1!$B$10 -> 1510.57 | G2: =1/($A2-1)*Sheet1!$B$1/Sheet1!$B$2*Sheet1!$B$11 -> 2334.015
A3: 1.03 | B3: =1/($A3-1)*Sheet1!$B$1/Sheet1!$B$2*Sheet1!$B$4 -> 93.033333 | C3: =1/($A3-1)*Sheet1!$B$1/Sheet1!$B$2*Sheet1!$B$5 -> 202.28333 | D3: =1/($A3-1)*Sheet1!$B$1/Sheet1!$B$2*Sheet1!$B$7 -> 261.36 | E3: =1/($A3-1)*Sheet1!$B$1/Sheet1!$B$2*Sheet1!$B$8 -> 347.65333 | F3: =1/($A3-1)*Sheet1!$B$1/Sheet1!$B$2*Sheet1!$B$10 -> 1007.0467 | G3: =1/($A3-1)*Sheet1!$B$1/Sheet1!$B$2*Sheet1!$B$11 -> 1556.01
A4: 1.04 | B4: =1/($A4-1)*Sheet1!$B$1/Sheet1!$B$2*Sheet1!$B$4 -> 69.775 | C4: =1/($A4-1)*Sheet1!$B$1/Sheet1!$B$2*Sheet1!$B$5 -> 151.7125 | D4: =1/($A4-1)*Sheet1!$B$1/Sheet1!$B$2*Sheet1!$B$7 -> 196.02 | E4: =1/($A4-1)*Sheet1!$B$1/Sheet1!$B$2*Sheet1!$B$8 -> 260.74 | F4: =1/($A4-1)*Sheet1!$B$1/Sheet1!$B$2*Sheet1!$B$10 -> 755.285 | G4: =1/($A4-1)*Sheet1!$B$1/Sheet1!$B$2*Sheet1!$B$11 -> 1167.0075
A5: 1.05 | B5: =1/($A5-1)*Sheet1!$B$1/Sheet1!$B$2*Sheet1!$B$4 -> 55.82 | C5: =1/($A5-1)*Sheet1!$B$1/Sheet1!$B$2*Sheet1!$B$5 -> 121.37 | D5: =1/($A5-1)*Sheet1!$B$1/Sheet1!$B$2*Sheet1!$B$7 -> 156.816 | E5: =1/($A5-1)*Sheet1!$B$1/Sheet1!$B$2*Sheet1!$B$8 -> 208.592 | F5: =1/($A5-1)*Sheet1!$B$1/Sheet1!$B$2*Sheet1!$B$10 -> 604.228 | G5: =1/($A5-1)*Sheet1!$B$1/Sheet1!$B$2*Sheet1!$B$11 -> 933.606
A6: 1.06 | B6: =1/($A6-1)*Sheet1!$B$1/Sheet1!$B$2*Sheet1!$B$4 -> 46.516667 | C6: =1/($A6-1)*Sheet1!$B$1/Sheet1!$B$2*Sheet1!$B$5 -> 101.14167 | D6: =1/($A6-1)*Sheet1!$B$1/Sheet1!$B$2*Sheet1!$B$7 -> 130.68 | E6: =1/($A6-1)*Sheet1!$B$1/Sheet1!$B$2*Sheet1!$B$8 -> 173.82667 | F6: =1/($A6-1)*Sheet1!$B$1/Sheet1!$B$2*Sheet1!$B$10 -> 503.52333 | G6: =1/($A6-1)*Sheet1!$B$1/Sheet1!$B$2*Sheet1!$B$11 -> 778.005
A7: 1.07 | B7: =1/($A7-1)*Sheet1!$B$1/Sheet1!$B$2*Sheet1!$B$4 -> 39.871429 | C7: =1/($A7-1)*Sheet1!$B$1/Sheet1!$B$2*Sheet1!$B$5 -> 86.692857 | D7: =1/($A7-1)*Sheet1!$B$1/Sheet1!$B$2*Sheet1!$B$7 -> 112.01143 | E7: =1/($A7-1)*Sheet1!$B$1/Sheet1!$B$2*Sheet1!$B$8 -> 148.99429 | F7: =1/($A7-1)*Sheet1!$B$1/Sheet1!$B$2*Sheet1!$B$10 -> 431.59143 | G7: =1/($A7-1)*Sheet1!$B$1/Sheet1!$B$2*Sheet1!$B$11 -> 666.86143
A8: 1.08 | B8: =1/($A8-1)*Sheet1!$B$1/Sheet1!$B$2*Sheet1!$B$4 -> 34.8875 | C8: =1/($A8-1)*Sheet1!$B$1/Sheet1!$B$2*Sheet1!$B$5 -> 75.85625 | D8: =1/($A8-1)*Sheet1!$B$1/Sheet1!$B$2*Sheet1!$B$7 -> 98.01 | E8: =1/($A8-1)*Sheet1!$B$1/Sheet1!$B$2*Sheet1!$B$8 -> 130.37 | F8: =1/($A8-1)*Sheet1!$B$1/Sheet1!$B$2*Sheet1!$B$10 -> 377.6425 | G8: =1/($A8-1)*Sheet1!$B$1/Sheet1!$B$2*Sheet1!$B$11 -> 583.50375
A9: 1.09 | B9: =1/($A9-1)*Sheet1!$B$1/Sheet1!$B$2*Sheet1!$B$4 -> 31.011111 | C9: =1/($A9-1)*Sheet1!$B$1/Sheet1!$B$2*Sheet1!$B$5 -> 67.427778 | D9: =1/($A9-1)*Sheet1!$B$1/Sheet1!$B$2*Sheet1!$B$7 -> 87.12 | E9: =1/($A9-1)*Sheet1!$B$1/Sheet1!$B$2*Sheet1!$B$8 -> 115.88444 | F9: =1/($A9-1)*Sheet1!$B$1/Sheet1!$B$2*Sheet1!$B$10 -> 335.68222 | G9: =1/($A9-1)*Sheet1!$B$1/Sheet1!$B$2*Sheet1!$B$11 -> 518.67
A10: 1.1 | B10: =1/($A10-1)*Sheet1!$B$1/Sheet1!$B$2*Sheet1!$B$4 -> 27.91 | C10: =1/($A10-1)*Sheet1!$B$1/Sheet1!$B$2*Sheet1!$B$5 -> 60.685 | D10: =1/($A10-1)*Sheet1!$B$1/Sheet1!$B$2*Sheet1!$B$7 -> 78.408 | E10: =1/($A10-1)*Sheet1!$B$1/Sheet1!$B$2*Sheet1!$B$8 -> 104.296 | F10: =1/($A10-1)*Sheet1!$B$1/Sheet1!$B$2*Sheet1!$B$10 -> 302.114 | G10: =1/($A10-1)*Sheet1!$B$1/Sheet1!$B$2*Sheet1!$B$11 -> 466.803
A11: 1.11 | B11: =1/($A11-1)*Sheet1!$B$1/Sheet1!$B$2*Sheet1!$B$4 -> 25.372727 | C11: =1/($A11-1)*Sheet1!$B$1/Sheet1!$B$2*Sheet1!$B$5 -> 55.168182 | D11: =1/($A11-1)*Sheet1!$B$1/Sheet1!$B$2*Sheet1!$B$7 -> 71.28 | E11: =1/($A11-1)*Sheet1!$B$1/Sheet1!$B$2*Sheet1!$B$8 -> 94.814545 | F11: =1/($A11-1)*Sheet1!$B$1/Sheet1!$B$2*Sheet1!$B$10 -> 274.64909 | G11: =1/($A11-1)*Sheet1!$B$1/Sheet1!$B$2*Sheet1!$B$11 -> 424.36636
A12: 1.12 | B12: =1/($A12-1)*Sheet1!$B$1/Sheet1!$B$2*Sheet1!$B$4 -> 23.258333 | C12: =1/($A12-1)*Sheet1!$B$1/Sheet1!$B$2*Sheet1!$B$5 -> 50.570833 | D12: =1/($A12-1)*Sheet1!$B$1/Sheet1!$B$2*Sheet1!$B$7 -> 65.34 | E12: =1/($A12-1)*Sheet1!$B$1/Sheet1!$B$2*Sheet1!$B$8 -> 86.913333 | F12: =1/($A12-1)*Sheet1!$B$1/Sheet1!$B$2*Sheet1!$B$10 -> 251.76167 | G12: =1/($A12-1)*Sheet1!$B$1/Sheet1!$B$2*Sheet1!$B$11 -> 389.0025
... A160: 2.6 | B160: =1/($A160-1)*Sheet1!$B$1/Sheet1!$B$2*Sheet1!$B$4 -> 1.744375 | C160: =1/($A160-1)*Sheet1!$B$1/Sheet1!$B$2*Sheet1!$B$5 -> 3.7928125 | D160: =1/($A160-1)*Sheet1!$B$1/Sheet1!$B$2*Sheet1!$B$7 -> 4.9005 | E160: =1/($A160-1)*Sheet1!$B$1/Sheet1!$B$2*Sheet1!$B$8 -> 6.5185 | F160: =1/($A160-1)*Sheet1!$B$1/Sheet1!$B$2*Sheet1!$B$10 -> 18.882125 | G160: =1/($A160-1)*Sheet1!$B$1/Sheet1!$B$2*Sheet1!$B$11 -> 29.175187

Sheet Sheet1
A1: p | B1: 1000
A2: q | B2: 100
A4: ar_min | B4: 0.2791
A5: ar_max | B5: 0.60685
A7: ne_min | B7: 0.78408
A8: ne_max | B8: 1.04296
A10: he_min | B10: 3.02114
A11: he_max | B11: 4.66803
